product,description,category,image_path
เสื้อยืดสีขาว,เสื้อยืดผ้าคอตตอนเนื้อนุ่ม ใส่สบาย ระบายอากาศได้ดี,เสื้อ,Unknown.jpeg
เสื้อเชิ้ตแขนยาว,เสื้อเชิ้ตสำหรับทำงาน ผ้าเรียบหรู รีดง่าย,เสื้อ,Unknown.jpeg
เสื้อฮู้ดกันหนาว,ฮู้ดดี้เนื้อผ้านุ่ม ด้านในบุขน กันลมกันหนาวได้ดี,เสื้อ,Unknown.jpeg
เสื้อครอป,เสื้อยืดครอปแนวแฟชั่น เหมาะกับลุคสตรีท,เสื้อ,Unknown.jpeg
เสื้อเชิ้ตลายสก็อต,เสื้อเชิ้ตแขนยาวลายสก็อต สวมใส่สบาย ใส่ได้ทุกโอกาส,เสื้อ,Unknown.jpeg
เสื้อโปโลสีกรม,เสื้อโปโลสำหรับผู้ชาย สีกรมท่า ทรงมาตรฐาน,เสื้อ,Unknown.jpeg
เสื้อไหมพรมคอเต่า,เสื้อกันหนาวไหมพรมแบบคอเต่า ใส่อุ่นในฤดูหนาว,เสื้อ,Unknown.jpeg
เสื้อแจ็คเก็ตยีนส์,แจ็คเก็ตยีนส์โอเวอร์ไซส์ สไตล์วินเทจ,เสื้อ,Unknown.jpeg
เสื้อเชิ้ตลินิน,เสื้อเชิ้ตผ้าลินินเนื้อบางเบา เหมาะกับอากาศร้อน,เสื้อ,Unknown.jpeg
เสื้อคลุมคาร์ดิแกน,เสื้อคาร์ดิแกนไหมพรม ใส่สบาย ให้ลุคอบอุ่น,เสื้อ,Unknown.jpeg
กางเกงยีนส์ขาสั้น,กางเกงยีนส์ขาสั้นสำหรับผู้หญิง ดีไซน์ขาดนิดๆ,กางเกง,Unknown.jpeg
กางเกงสแล็ค,กางเกงสแล็คสำหรับทำงาน ทรงเข้ารูป ดูเรียบร้อย,กางเกง,Unknown.jpeg
กางเกงขาเดฟ,กางเกงขายาวทรงเดฟ ใส่กระชับ แฟชั่นสุดๆ,กางเกง,Unknown.jpeg
กางเกงจ๊อกเกอร์,กางเกงจ๊อกเกอร์เอวยางยืด สำหรับลำลองและออกกำลังกาย,กางเกง,Unknown.jpeg
กางเกงขากว้าง,กางเกงขายาวขากว้าง เนื้อผ้าพลิ้ว ใส่สบาย,กางเกง,Unknown.jpeg
กางเกงวอร์ม,กางเกงวอร์มผ้าร่ม ใส่สำหรับออกกำลังกายหรือใส่ในบ้าน,กางเกง,Unknown.jpeg
กางเกงผ้าลินิน,กางเกงขายาวผ้าลินิน น้ำหนักเบา ระบายอากาศดี,กางเกง,Unknown.jpeg
กางเกงเลกกิ้ง,เลกกิ้งสำหรับออกกำลังกาย ผ้ายืดหยุ่นสูง,กางเกง,Unknown.jpeg
กางเกงขาม้า,กางเกงแฟชั่นทรงขาม้า ใส่แล้วดูขายาว,กางเกง,Unknown.jpeg
กางเกงขาสั้นผ้าฝ้าย,กางเกงผ้าฝ้ายขาสั้น ใส่สบาย เหมาะกับอากาศร้อน,กางเกง,Unknown.jpeg
รองเท้าผ้าใบสีขาว,รองเท้าผ้าใบสีขาวล้วน ดีไซน์เรียบ ใส่เข้ากับชุดได้ง่าย,รองเท้า,Unknown.jpeg
รองเท้าแตะสวม,รองเท้าแตะแบบสวม เบาและนุ่ม ใส่สบายทุกวัน,รองเท้า,Unknown.jpeg
รองเท้าหนัง,รองเท้าหนังทรงทางการ ใส่ทำงานหรือโอกาสพิเศษ,รองเท้า,Unknown.jpeg
รองเท้าบูท,รองเท้าบูทหนัง ทรงสูง กันน้ำได้,รองเท้า,Unknown.jpeg
รองเท้ากีฬา,รองเท้าสำหรับวิ่งหรือออกกำลังกาย พื้นรองเท้ายืดหยุ่น,รองเท้า,Unknown.jpeg
รองเท้าส้นสูง,รองเท้าส้นสูงสำหรับผู้หญิง เสริมบุคลิกให้ดูสูงเพรียว,รองเท้า,Unknown.jpeg
รองเท้ารัดส้น,รองเท้ารัดส้นสำหรับเดินเล่น น้ำหนักเบา,รองเท้า,Unknown.jpeg
รองเท้าทรงสลิปออน,รองเท้าแบบสวมไม่มีเชือก สวมใส่สะดวก,รองเท้า,Unknown.jpeg
รองเท้าแตะแบบคีบ,รองเท้าแตะคีบสำหรับใส่เดินชายหาด,รองเท้า,Unknown.jpeg
รองเท้าส้นเตารีด,รองเท้าส้นเตารีดสำหรับลุคที่ดูสง่าและเดินสบาย,รองเท้า,Unknown.jpeg
หมวกแก๊ปสีดำ,หมวกแก๊ปสีดำเข้ม สายปรับขนาดได้,หมวก,Unknown.jpeg
หมวกบักเก็ต,หมวกบักเก็ตผ้าคอตตอน สวมใส่สบาย กันแดดได้ดี,หมวก,Unknown.jpeg
หมวกไหมพรม,หมวกไหมพรมถัก เหมาะกับอากาศหนาว,หมวก,Unknown.jpeg
หมวกฟาง,หมวกฟางสำหรับใส่เที่ยวทะเล ดีไซน์เก๋ไก๋,หมวก,Unknown.jpeg
หมวกแก๊ปลายลาย,หมวกแก๊ปลายกราฟิก สำหรับแฟชั่นสตรีท,หมวก,Unknown.jpeg
หมวกทรงปีกกว้าง,หมวกปีกกว้างสำหรับกันแดด เหมาะกับกิจกรรมกลางแจ้ง,หมวก,Unknown.jpeg
หมวกเบเร่ต์,หมวกแฟชั่นทรงเบเร่ต์สไตล์ยุโรป,หมวก,Unknown.jpeg
หมวกสาน,หมวกสานผ้าทอมือสำหรับผู้หญิง ใส่แล้วดูเรียบหรู,หมวก,Unknown.jpeg
หมวกเดินป่า,หมวกสำหรับเดินป่า กันแดดและกันฝนได้ดี,หมวก,Unknown.jpeg
หมวกนักกีฬา,หมวกสำหรับใส่ออกกำลังกาย เนื้อผ้าแห้งไว,หมวก,Unknown.jpeg
เสื้อเชิ้ตแขนยาว,เสื้อเชิ้ตสำหรับทำงาน ผ้าเรียบหรู รีดง่าย,เสื้อ,Unknown.jpeg
หมวกสาน,หมวกสานผ้าทอมือสำหรับผู้หญิง ใส่แล้วดูเรียบหรู,หมวก,Unknown.jpeg
หมวกแก๊ปลายลาย,หมวกแก๊ปลายกราฟิก สำหรับแฟชั่นสตรีท,หมวก,Unknown.jpeg
หมวกสาน,หมวกสานผ้าทอมือสำหรับผู้หญิง ใส่แล้วดูเรียบหรู,หมวก,Unknown.jpeg
เสื้อครอป,เสื้อยืดครอปแนวแฟชั่น เหมาะกับลุคสตรีท,เสื้อ,Unknown.jpeg
หมวกไหมพรม,หมวกไหมพรมถัก เหมาะกับอากาศหนาว,หมวก,Unknown.jpeg
เสื้อครอป,เสื้อยืดครอปแนวแฟชั่น เหมาะกับลุคสตรีท,เสื้อ,Unknown.jpeg
รองเท้าส้นเตารีด,รองเท้าส้นเตารีดสำหรับลุคที่ดูสง่าและเดินสบาย,รองเท้า,Unknown.jpeg
รองเท้าบูท,รองเท้าบูทหนัง ทรงสูง กันน้ำได้,รองเท้า,Unknown.jpeg
รองเท้าส้นเตารีด,รองเท้าส้นเตารีดสำหรับลุคที่ดูสง่าและเดินสบาย,รองเท้า,Unknown.jpeg
กางเกงขาเดฟ,กางเกงขายาวทรงเดฟ ใส่กระชับ แฟชั่นสุดๆ,กางเกง,Unknown.jpeg
หมวกสาน,หมวกสานผ้าทอมือสำหรับผู้หญิง ใส่แล้วดูเรียบหรู,หมวก,Unknown.jpeg
กางเกงยีนส์ขาสั้น,กางเกงยีนส์ขาสั้นสำหรับผู้หญิง ดีไซน์ขาดนิดๆ,กางเกง,Unknown.jpeg
รองเท้าทรงสลิปออน,รองเท้าแบบสวมไม่มีเชือก สวมใส่สะดวก,รองเท้า,Unknown.jpeg
เสื้อไหมพรมคอเต่า,เสื้อกันหนาวไหมพรมแบบคอเต่า ใส่อุ่นในฤดูหนาว,เสื้อ,Unknown.jpeg
หมวกแก๊ปลายลาย,หมวกแก๊ปลายกราฟิก สำหรับแฟชั่นสตรีท,หมวก,Unknown.jpeg
กางเกงจ๊อกเกอร์,กางเกงจ๊อกเกอร์เอวยางยืด สำหรับลำลองและออกกำลังกาย,กางเกง,Unknown.jpeg
รองเท้ากีฬา,รองเท้าสำหรับวิ่งหรือออกกำลังกาย พื้นรองเท้ายืดหยุ่น,รองเท้า,Unknown.jpeg
เสื้อเชิ้ตแขนยาว,เสื้อเชิ้ตสำหรับทำงาน ผ้าเรียบหรู รีดง่าย,เสื้อ,Unknown.jpeg
กางเกงวอร์ม,กางเกงวอร์มผ้าร่ม ใส่สำหรับออกกำลังกายหรือใส่ในบ้าน,กางเกง,Unknown.jpeg
กางเกงขาเดฟ,กางเกงขายาวทรงเดฟ ใส่กระชับ แฟชั่นสุดๆ,กางเกง,Unknown.jpeg
เสื้อยืดสีขาว,เสื้อยืดผ้าคอตตอนเนื้อนุ่ม ใส่สบาย ระบายอากาศได้ดี,เสื้อ,Unknown.jpeg
รองเท้าผ้าใบสีขาว,รองเท้าผ้าใบสีขาวล้วน ดีไซน์เรียบ ใส่เข้ากับชุดได้ง่าย,รองเท้า,Unknown.jpeg
กางเกงสแล็ค,กางเกงสแล็คสำหรับทำงาน ทรงเข้ารูป ดูเรียบร้อย,กางเกง,Unknown.jpeg
เสื้อโปโลสีกรม,เสื้อโปโลสำหรับผู้ชาย สีกรมท่า ทรงมาตรฐาน,เสื้อ,Unknown.jpeg
หมวกไหมพรม,หมวกไหมพรมถัก เหมาะกับอากาศหนาว,หมวก,Unknown.jpeg
เสื้อแจ็คเก็ตยีนส์,แจ็คเก็ตยีนส์โอเวอร์ไซส์ สไตล์วินเทจ,เสื้อ,Unknown.jpeg
เสื้อครอป,เสื้อยืดครอปแนวแฟชั่น เหมาะกับลุคสตรีท,เสื้อ,Unknown.jpeg
กางเกงขากว้าง,กางเกงขายาวขากว้าง เนื้อผ้าพลิ้ว ใส่สบาย,กางเกง,Unknown.jpeg
หมวกเบเร่ต์,หมวกแฟชั่นทรงเบเร่ต์สไตล์ยุโรป,หมวก,Unknown.jpeg
รองเท้าส้นเตารีด,รองเท้าส้นเตารีดสำหรับลุคที่ดูสง่าและเดินสบาย,รองเท้า,Unknown.jpeg
กางเกงวอร์ม,กางเกงวอร์มผ้าร่ม ใส่สำหรับออกกำลังกายหรือใส่ในบ้าน,กางเกง,Unknown.jpeg
รองเท้าผ้าใบสีขาว,รองเท้าผ้าใบสีขาวล้วน ดีไซน์เรียบ ใส่เข้ากับชุดได้ง่าย,รองเท้า,Unknown.jpeg
รองเท้าแตะแบบคีบ,รองเท้าแตะคีบสำหรับใส่เดินชายหาด,รองเท้า,Unknown.jpeg
หมวกแก๊ปลายลาย,หมวกแก๊ปลายกราฟิก สำหรับแฟชั่นสตรีท,หมวก,Unknown.jpeg
หมวกไหมพรม,หมวกไหมพรมถัก เหมาะกับอากาศหนาว,หมวก,Unknown.jpeg
เสื้อครอป,เสื้อยืดครอปแนวแฟชั่น เหมาะกับลุคสตรีท,เสื้อ,Unknown.jpeg
รองเท้าส้นเตารีด,รองเท้าส้นเตารีดสำหรับลุคที่ดูสง่าและเดินสบาย,รองเท้า,Unknown.jpeg
รองเท้าผ้าใบสีขาว,รองเท้าผ้าใบสีขาวล้วน ดีไซน์เรียบ ใส่เข้ากับชุดได้ง่าย,รองเท้า,Unknown.jpeg
กางเกงสแล็ค,กางเกงสแล็คสำหรับทำงาน ทรงเข้ารูป ดูเรียบร้อย,กางเกง,Unknown.jpeg
หมวกไหมพรม,หมวกไหมพรมถัก เหมาะกับอากาศหนาว,หมวก,Unknown.jpeg
กางเกงขาเดฟ,กางเกงขายาวทรงเดฟ ใส่กระชับ แฟชั่นสุดๆ,กางเกง,Unknown.jpeg
เสื้อเชิ้ตลายสก็อต,เสื้อเชิ้ตแขนยาวลายสก็อต สวมใส่สบาย ใส่ได้ทุกโอกาส,เสื้อ,Unknown.jpeg
หมวกฟาง,หมวกฟางสำหรับใส่เที่ยวทะเล ดีไซน์เก๋ไก๋,หมวก,Unknown.jpeg
เสื้อคลุมคาร์ดิแกน,เสื้อคาร์ดิแกนไหมพรม ใส่สบาย ให้ลุคอบอุ่น,เสื้อ,Unknown.jpeg
เสื้อครอป,เสื้อยืดครอปแนวแฟชั่น เหมาะกับลุคสตรีท,เสื้อ,Unknown.jpeg
รองเท้าบูท,รองเท้าบูทหนัง ทรงสูง กันน้ำได้,รองเท้า,Unknown.jpeg
รองเท้าหนัง,รองเท้าหนังทรงทางการ ใส่ทำงานหรือโอกาสพิเศษ,รองเท้า,Unknown.jpeg
รองเท้ากีฬา,รองเท้าสำหรับวิ่งหรือออกกำลังกาย พื้นรองเท้ายืดหยุ่น,รองเท้า,Unknown.jpeg
เสื้อเชิ้ตลินิน,เสื้อเชิ้ตผ้าลินินเนื้อบางเบา เหมาะกับอากาศร้อน,เสื้อ,Unknown.jpeg
กางเกงวอร์ม,กางเกงวอร์มผ้าร่ม ใส่สำหรับออกกำลังกายหรือใส่ในบ้าน,กางเกง,Unknown.jpeg
กางเกงวอร์ม,กางเกงวอร์มผ้าร่ม ใส่สำหรับออกกำลังกายหรือใส่ในบ้าน,กางเกง,Unknown.jpeg
หมวกฟาง,หมวกฟางสำหรับใส่เที่ยวทะเล ดีไซน์เก๋ไก๋,หมวก,Unknown.jpeg
รองเท้าส้นเตารีด,รองเท้าส้นเตารีดสำหรับลุคที่ดูสง่าและเดินสบาย,รองเท้า,Unknown.jpeg
รองเท้าส้นเตารีด,รองเท้าส้นเตารีดสำหรับลุคที่ดูสง่าและเดินสบาย,รองเท้า,Unknown.jpeg
หมวกแก๊ปลายลาย,หมวกแก๊ปลายกราฟิก สำหรับแฟชั่นสตรีท,หมวก,Unknown.jpeg
หมวกไหมพรม,หมวกไหมพรมถัก เหมาะกับอากาศหนาว,หมวก,Unknown.jpeg
เสื้อครอป,เสื้อยืดครอปแนวแฟชั่น เหมาะกับลุคสตรีท,เสื้อ,Unknown.jpeg
รองเท้ากีฬา,รองเท้าสำหรับวิ่งหรือออกกำลังกาย พื้นรองเท้ายืดหยุ่น,รองเท้า,Unknown.jpeg
กางเกงวอร์ม,กางเกงวอร์มผ้าร่ม ใส่สำหรับออกกำลังกายหรือใส่ในบ้าน,กางเกง,Unknown.jpeg